{"cameraMode":{"drawMode":0,"name":"Shaded","section":"Shading Mode"},"sceneLighting":false,"audioPlay":false,"sceneViewState":{"m_AlwaysRefresh":true,"showFog":true,"showSkybox":false,"showFlares":true,"showImageEffects":true,"showParticleSystems":true,"showVisualEffectGraphs":true,"m_FxEnabled":true},"in2DMode":false,"pivot":{"x":-37.32291030883789,"y":1.4581129550933838,"z":-3.3538880348205568},"rotation":{"x":0.2507360279560089,"y":-0.30021610856056216,"z":0.08211735635995865,"w":0.9166632294654846},"size":3.2660250663757326,"orthographic":false}