{"cameraMode":{"drawMode":0,"name":"Shaded","section":"Shading Mode"},"sceneLighting":false,"audioPlay":false,"sceneViewState":{"m_AlwaysRefresh":true,"showFog":true,"showSkybox":false,"showFlares":true,"showImageEffects":true,"showParticleSystems":true,"showVisualEffectGraphs":true,"m_FxEnabled":true},"in2DMode":false,"pivot":{"x":439.8682861328125,"y":246.2583770751953,"z":2.469381332397461},"rotation":{"x":-0.01665896736085415,"y":0.2259960174560547,"z":0.0038655924145132305,"w":0.9739787578582764},"size":501.4827880859375,"orthographic":true}