{"cameraMode":{"drawMode":0,"name":"Shaded","section":"Shading Mode"},"sceneLighting":true,"audioPlay":false,"sceneViewState":{"m_AlwaysRefresh":false,"showFog":true,"showSkybox":true,"showFlares":true,"showImageEffects":true,"showParticleSystems":true,"showVisualEffectGraphs":true,"m_FxEnabled":true},"in2DMode":false,"pivot":{"x":2.0549323558807375,"y":10.769854545593262,"z":-21.53243637084961},"rotation":{"x":-0.23001296818256379,"y":0.18150708079338075,"z":-0.04371413215994835,"w":-0.9551172852516174},"size":0.558312177658081,"orthographic":false}