{"cameraMode":{"drawMode":0,"name":"Shaded","section":"Shading Mode"},"sceneLighting":true,"audioPlay":false,"sceneViewState":{"m_AlwaysRefresh":false,"showFog":true,"showSkybox":true,"showFlares":true,"showImageEffects":true,"showParticleSystems":true,"showVisualEffectGraphs":true,"m_FxEnabled":true},"in2DMode":false,"pivot":{"x":0.8768649101257324,"y":-0.27833789587020876,"z":0.14017224311828614},"rotation":{"x":0.0035909858997911216,"y":-0.9945735931396484,"z":0.09727942943572998,"w":0.036714304238557819},"size":3.870004415512085,"orthographic":false}