{"cameraMode":{"drawMode":0,"name":"Shaded","section":"Shading Mode"},"sceneLighting":true,"audioPlay":false,"sceneViewState":{"m_AlwaysRefresh":false,"showFog":true,"showSkybox":true,"showFlares":true,"showImageEffects":true,"showParticleSystems":true,"showVisualEffectGraphs":true,"m_FxEnabled":true},"in2DMode":false,"pivot":{"x":-25.041841506958009,"y":-0.31087353825569155,"z":0.22010278701782227},"rotation":{"x":-0.05296388268470764,"y":0.749381959438324,"z":-0.06038708612322807,"w":-0.6572577357292175},"size":2.36602520942688,"orthographic":false}