{"cameraMode":{"drawMode":0,"name":"Shaded","section":"Shading Mode"},"sceneLighting":true,"audioPlay":false,"sceneViewState":{"m_AlwaysRefresh":false,"showFog":true,"showSkybox":true,"showFlares":true,"showImageEffects":true,"showParticleSystems":true,"showVisualEffectGraphs":true,"m_FxEnabled":true},"in2DMode":false,"pivot":{"x":-17.390060424804689,"y":5.207693576812744,"z":7.384426116943359},"rotation":{"x":0.23277486860752107,"y":-0.7642905712127686,"z":0.38517382740974429,"w":0.4618954360485077},"size":0.04473471641540527,"orthographic":false}