{"cameraMode":{"drawMode":0,"name":"Shaded","section":"Shading Mode"},"sceneLighting":true,"audioPlay":false,"sceneViewState":{"m_AlwaysRefresh":false,"showFog":true,"showSkybox":true,"showFlares":true,"showImageEffects":true,"showParticleSystems":true,"showVisualEffectGraphs":true,"m_FxEnabled":true},"in2DMode":false,"pivot":{"x":-13.587700843811036,"y":-0.5399947166442871,"z":-3.7205793857574465},"rotation":{"x":-0.18864142894744874,"y":0.19792857766151429,"z":-0.038848284631967548,"w":-0.9611150026321411},"size":1.1977297067642213,"orthographic":false}